,title,link
0,L.A. Confidential,https://www.rottentomatoes.com/m/la_confidential/reviews
1,The Godfather,https://www.rottentomatoes.com/m/the_godfather/reviews
2,Casablanca,https://www.rottentomatoes.com/m/1003707-casablanca/reviews
3,Seven Samurai,https://www.rottentomatoes.com/m/seven_samurai_1956/reviews
4,Parasite,https://www.rottentomatoes.com/m/parasite_2019/reviews
5,Schindler's List,https://www.rottentomatoes.com/m/schindlers_list/reviews
6,Top Gun: Maverick,https://www.rottentomatoes.com/m/top_gun_maverick/reviews
7,Toy Story 2,https://www.rottentomatoes.com/m/toy_story_2/reviews
8,Chinatown,https://www.rottentomatoes.com/m/chinatown/reviews
9,On the Waterfront,https://www.rottentomatoes.com/m/on_the_waterfront/reviews
10,The Battle of Algiers,https://www.rottentomatoes.com/m/the_battle_of_algiers/reviews
11,Toy Story,https://www.rottentomatoes.com/m/toy_story/reviews
12,Rear Window,https://www.rottentomatoes.com/m/1017289-rear_window/reviews
13,Modern Times,https://www.rottentomatoes.com/m/modern_times/reviews
14,How to Train Your Dragon,https://www.rottentomatoes.com/m/how_to_train_your_dragon/reviews
15,All About Eve,https://www.rottentomatoes.com/m/1000626-all_about_eve/reviews
16,Spirited Away,https://www.rottentomatoes.com/m/spirited_away/reviews
17,Up,https://www.rottentomatoes.com/m/up/reviews
18,The Third Man,https://www.rottentomatoes.com/m/the_third_man/reviews
19,Spotlight,https://www.rottentomatoes.com/m/spotlight_2015/reviews
20,Spider-Man: Into the Spider-Verse,https://www.rottentomatoes.com/m/spider_man_into_the_spider_verse/reviews
21,The Philadelphia Story,https://www.rottentomatoes.com/m/philadelphia_story/reviews
22,Finding Nemo,https://www.rottentomatoes.com/m/finding_nemo/reviews
23,Singin' in the Rain,https://www.rottentomatoes.com/m/singin_in_the_rain/reviews
24,12 Angry Men,https://www.rottentomatoes.com/m/1000013_12_angry_men/reviews
25,Toy Story 3,https://www.rottentomatoes.com/m/toy_story_3/reviews
26,Sunset Boulevard,https://www.rottentomatoes.com/m/sunset_boulevard/reviews
27,Coco,https://www.rottentomatoes.com/m/coco_2017/reviews
28,"The Godfather, Part II",https://www.rottentomatoes.com/m/godfather_part_ii/reviews
29,Three Colors: Red,https://www.rottentomatoes.com/m/three_colors_red/reviews
30,Selma,https://www.rottentomatoes.com/m/selma/reviews
31,Zootopia,https://www.rottentomatoes.com/m/zootopia/reviews
32,Citizen Kane,https://www.rottentomatoes.com/m/citizen_kane/reviews
33,Annie Hall,https://www.rottentomatoes.com/m/annie_hall/reviews
34,Cool Hand Luke,https://www.rottentomatoes.com/m/cool_hand_luke/reviews
35,The Holdovers,https://www.rottentomatoes.com/m/the_holdovers/reviews
36,Inside Out,https://www.rottentomatoes.com/m/inside_out_2015/reviews
37,Dr. Strangelove Or: How I Learned to Stop Worrying and Love the Bomb,https://www.rottentomatoes.com/m/dr_strangelove/reviews
38,Let the Right One In,https://www.rottentomatoes.com/m/let_the_right_one_in/reviews
39,The Lord of the Rings: The Two Towers,https://www.rottentomatoes.com/m/the_lord_of_the_rings_the_two_towers/reviews
40,Knives Out,https://www.rottentomatoes.com/m/knives_out/reviews
41,M,https://www.rottentomatoes.com/m/1012928-m/reviews
42,Toy Story 4,https://www.rottentomatoes.com/m/toy_story_4/reviews
43,The Wrestler,https://www.rottentomatoes.com/m/the_wrestler/reviews
44,Goodfellas,https://www.rottentomatoes.com/m/1032176-goodfellas/reviews
45,The Wizard of Oz,https://www.rottentomatoes.com/m/the_wizard_of_oz_1939/reviews
46,Double Indemnity,https://www.rottentomatoes.com/m/double_indemnity/reviews
47,Psycho,https://www.rottentomatoes.com/m/psycho/reviews
48,Paddington 2,https://www.rottentomatoes.com/m/paddington_2/reviews
49,Before Sunrise,https://www.rottentomatoes.com/m/before_sunrise/reviews
50,The Dark Knight,https://www.rottentomatoes.com/m/the_dark_knight/reviews
51,The Maltese Falcon,https://www.rottentomatoes.com/m/1013139-maltese_falcon/reviews
52,It Happened One Night,https://www.rottentomatoes.com/m/it_happened_one_night/reviews
53,The Wages of Fear,https://www.rottentomatoes.com/m/wages_of_fear/reviews
54,North by Northwest,https://www.rottentomatoes.com/m/north_by_northwest/reviews
55,Bicycle Thieves,https://www.rottentomatoes.com/m/bicycle_thieves/reviews
56,Alien,https://www.rottentomatoes.com/m/alien/reviews
57,Argo,https://www.rottentomatoes.com/m/argo_2012/reviews
58,Get Out,https://www.rottentomatoes.com/m/get_out/reviews
59,The Kid,https://www.rottentomatoes.com/m/1052609-kid/reviews
60,Mission: Impossible - Dead Reckoning Part One,https://www.rottentomatoes.com/m/mission_impossible_dead_reckoning_part_one/reviews
61,The Pianist,https://www.rottentomatoes.com/m/pianist/reviews
62,Kind Hearts and Coronets,https://www.rottentomatoes.com/m/kind_hearts_and_coronets/reviews
63,The 400 Blows,https://www.rottentomatoes.com/m/400_blows/reviews
64,Grave of the Fireflies,https://www.rottentomatoes.com/m/grave_of_the_fireflies/reviews
65,The Big Sick,https://www.rottentomatoes.com/m/the_big_sick/reviews
66,Minari,https://www.rottentomatoes.com/m/minari/reviews
67,Portrait of a Lady on Fire,https://www.rottentomatoes.com/m/portrait_of_a_lady_on_fire/reviews
68,The Treasure of the Sierra Madre,https://www.rottentomatoes.com/m/treasure_of_the_sierra_madre/reviews
69,Apocalypse Now,https://www.rottentomatoes.com/m/apocalypse_now/reviews
70,Mission: Impossible - Fallout,https://www.rottentomatoes.com/m/mission_impossible_fallout/reviews
71,The Last Picture Show,https://www.rottentomatoes.com/m/last_picture_show/reviews
72,Tampopo,https://www.rottentomatoes.com/m/tampopo/reviews
73,Mad Max: Fury Road,https://www.rottentomatoes.com/m/mad_max_fury_road/reviews
74,Tokyo Story,https://www.rottentomatoes.com/m/tokyo_story/reviews
75,A Hard Day's Night,https://www.rottentomatoes.com/m/beatles_a_hard_days_night/reviews
76,Metropolis,https://www.rottentomatoes.com/m/1013775-metropolis/reviews
77,Good Will Hunting,https://www.rottentomatoes.com/m/good_will_hunting/reviews
78,The Gold Rush,https://www.rottentomatoes.com/m/the_gold_rush/reviews
79,Aliens,https://www.rottentomatoes.com/m/1000617-aliens/reviews
80,Spider-Man: Across the Spider-Verse,https://www.rottentomatoes.com/m/spider_man_across_the_spider_verse/reviews
81,"The Good, the Bad and the Ugly",https://www.rottentomatoes.com/m/the_good_the_bad_and_the_ugly/reviews
82,Harry Potter and the Deathly Hallows: Part 2,https://www.rottentomatoes.com/m/harry_potter_and_the_deathly_hallows_part_2/reviews
83,The Silence of the Lambs,https://www.rottentomatoes.com/m/silence_of_the_lambs/reviews
84,Fanny and Alexander,https://www.rottentomatoes.com/m/fanny_and_alexander/reviews
85,Laura,https://www.rottentomatoes.com/m/1012007-laura/reviews
86,The Shop Around the Corner,https://www.rottentomatoes.com/m/shop_around_the_corner/reviews
87,His Girl Friday,https://www.rottentomatoes.com/m/his_girl_friday/reviews
88,All Quiet on the Western Front,https://www.rottentomatoes.com/m/all_quiet_on_the_western_front/reviews
89,"Monsters, Inc.",https://www.rottentomatoes.com/m/monsters_inc/reviews
90,Nights of Cabiria,https://www.rottentomatoes.com/m/nights_of_cabiria/reviews
91,Pather Panchali,https://www.rottentomatoes.com/m/pather_panchali/reviews
92,Meet Me in St. Louis,https://www.rottentomatoes.com/m/meet_me_in_st_louis/reviews
93,Witness for the Prosecution,https://www.rottentomatoes.com/m/witness_for_the_prosecution/reviews
94,Eighth Grade,https://www.rottentomatoes.com/m/eighth_grade/reviews
95,Rebecca,https://www.rottentomatoes.com/m/1017293-rebecca/reviews
96,Stalker,https://www.rottentomatoes.com/m/1043378-stalker/reviews
97,The Terminator,https://www.rottentomatoes.com/m/terminator/reviews
98,Memento,https://www.rottentomatoes.com/m/memento/reviews
99,The Social Network,https://www.rottentomatoes.com/m/the-social-network/reviews
100,The Hurt Locker,https://www.rottentomatoes.com/m/the_hurt_locker/reviews
101,12 Years a Slave,https://www.rottentomatoes.com/m/12_years_a_slave/reviews
102,Catch Me if You Can,https://www.rottentomatoes.com/m/catch_me_if_you_can/reviews
103,Jaws,https://www.rottentomatoes.com/m/jaws/reviews
104,A Man Escaped,https://www.rottentomatoes.com/m/a_man_escaped/reviews
105,Pan's Labyrinth,https://www.rottentomatoes.com/m/pans_labyrinth/reviews
106,The Red Shoes,https://www.rottentomatoes.com/m/1017346-red_shoes/reviews
107,Anatomy of a Murder,https://www.rottentomatoes.com/m/anatomy-of-a-murder/reviews
108,Das Boot,https://www.rottentomatoes.com/m/das_boot/reviews
109,Ikiru,https://www.rottentomatoes.com/m/ikiru/reviews
110,Open City,https://www.rottentomatoes.com/m/open_city/reviews
111,Lady Bird,https://www.rottentomatoes.com/m/lady_bird/reviews
112,Hunt for the Wilderpeople,https://www.rottentomatoes.com/m/hunt_for_the_wilderpeople/reviews
113,Hell or High Water,https://www.rottentomatoes.com/m/hell_or_high_water/reviews
114,Army of Shadows,https://www.rottentomatoes.com/m/army_of_shadows/reviews
115,007: Goldfinger,https://www.rottentomatoes.com/m/goldfinger/reviews
116,The Lady Eve,https://www.rottentomatoes.com/m/lady_eve/reviews
117,Saving Private Ryan,https://www.rottentomatoes.com/m/saving_private_ryan/reviews
118,Ratatouille,https://www.rottentomatoes.com/m/ratatouille/reviews
119,Star Trek,https://www.rottentomatoes.com/m/star_trek_11/reviews
120,The Iron Giant,https://www.rottentomatoes.com/m/iron_giant/reviews
121,Monty Python and the Holy Grail,https://www.rottentomatoes.com/m/monty_python_and_the_holy_grail/reviews
122,Star Wars: Episode IV - A New Hope,https://www.rottentomatoes.com/m/star_wars_episode_iv_a_new_hope/reviews
123,Shadow of a Doubt,https://www.rottentomatoes.com/m/1018688-shadow_of_a_doubt/reviews
124,WALL-E,https://www.rottentomatoes.com/m/wall_e/reviews
125,Brooklyn,https://www.rottentomatoes.com/m/brooklyn/reviews
126,Mr. Smith Goes to Washington,https://www.rottentomatoes.com/m/mr_smith_goes_to_washington/reviews
127,Spider-Man: No Way Home,https://www.rottentomatoes.com/m/spider_man_no_way_home/reviews
128,The Best Years of Our Lives,https://www.rottentomatoes.com/m/best_years_of_our_lives/reviews
129,The Bridge on the River Kwai,https://www.rottentomatoes.com/m/bridge_on_the_river_kwai/reviews
130,Ali: Fear Eats the Soul,https://www.rottentomatoes.com/m/fear_of_fear/reviews
131,Whiplash,https://www.rottentomatoes.com/m/whiplash_2014/reviews
132,The Farewell,https://www.rottentomatoes.com/m/the_farewell_2019/reviews
133,Unforgiven,https://www.rottentomatoes.com/m/1041911-unforgiven/reviews
134,The Adventures of Robin Hood,https://www.rottentomatoes.com/m/1000355-adventures_of_robin_hood/reviews
135,Pulp Fiction,https://www.rottentomatoes.com/m/pulp_fiction/reviews
136,The King's Speech,https://www.rottentomatoes.com/m/the_kings_speech/reviews
137,Leave No Trace,https://www.rottentomatoes.com/m/leave_no_trace/reviews
138,Star Wars: Episode V - The Empire Strikes Back,https://www.rottentomatoes.com/m/star_wars_episode_v_the_empire_strikes_back/reviews
139,The Passion of Joan of Arc,https://www.rottentomatoes.com/m/passion_of_joan_of_arc/reviews
140,Quiz Show,https://www.rottentomatoes.com/m/quiz_show/reviews
141,Avengers: Endgame,https://www.rottentomatoes.com/m/avengers_endgame/reviews
142,Ran,https://www.rottentomatoes.com/m/ran/reviews
143,Safety Last,https://www.rottentomatoes.com/m/safety_last/reviews
144,Iron Man,https://www.rottentomatoes.com/m/iron_man/reviews
145,Moana,https://www.rottentomatoes.com/m/moana_2016/reviews
146,Little Women,https://www.rottentomatoes.com/m/little_women_2019/reviews
147,Puss in Boots: The Last Wish,https://www.rottentomatoes.com/m/puss_in_boots_the_last_wish/reviews
148,Casino Royale,https://www.rottentomatoes.com/m/casino_royale/reviews
149,The Handmaiden,https://www.rottentomatoes.com/m/the_handmaiden/reviews
150,La Haine,https://www.rottentomatoes.com/m/la_haine/reviews
151,La Strada,https://www.rottentomatoes.com/m/la_strada/reviews
152,Rashomon,https://www.rottentomatoes.com/m/rashomon/reviews
153,Top Hat,https://www.rottentomatoes.com/m/top_hat/reviews
154,The Artist,https://www.rottentomatoes.com/m/the_artist/reviews
155,The Conformist,https://www.rottentomatoes.com/m/the_conformist/reviews
156,One Flew Over the Cuckoo's Nest,https://www.rottentomatoes.com/m/one_flew_over_the_cuckoos_nest/reviews
157,In the Heat of the Night,https://www.rottentomatoes.com/m/in_the_heat_of_the_night/reviews
158,Raiders of the Lost Ark,https://www.rottentomatoes.com/m/raiders_of_the_lost_ark/reviews
159,The Peanut Butter Falcon,https://www.rottentomatoes.com/m/the_peanut_butter_falcon/reviews
160,Paths of Glory,https://www.rottentomatoes.com/m/paths_of_glory/reviews
161,King Kong,https://www.rottentomatoes.com/m/1011615-king_kong/reviews
162,Children of Paradise,https://www.rottentomatoes.com/m/children_of_paradise/reviews
163,A Beautiful Day in the Neighborhood,https://www.rottentomatoes.com/m/a_beautiful_day_in_the_neighborhood/reviews
164,The LEGO Movie,https://www.rottentomatoes.com/m/the_lego_movie/reviews
165,Before Sunset,https://www.rottentomatoes.com/m/before_sunset/reviews
166,Soul,https://www.rottentomatoes.com/m/soul/reviews
167,Creed,https://www.rottentomatoes.com/m/creed_2015/reviews
168,John Wick: Chapter 4,https://www.rottentomatoes.com/m/john_wick_chapter_4/reviews
169,The Princess Bride,https://www.rottentomatoes.com/m/princess_bride/reviews
170,Sunrise,https://www.rottentomatoes.com/m/sunrise/reviews
171,Before Midnight,https://www.rottentomatoes.com/m/before_midnight_2013/reviews
172,Lawrence of Arabia,https://www.rottentomatoes.com/m/lawrence_of_arabia/reviews
173,Strangers on a Train,https://www.rottentomatoes.com/m/strangers_on_a_train/reviews
174,Sling Blade,https://www.rottentomatoes.com/m/sling_blade/reviews
175,Kubo and the Two Strings,https://www.rottentomatoes.com/m/kubo_and_the_two_strings_2016/reviews
176,Sweet Smell of Success,https://www.rottentomatoes.com/m/sweet_smell_of_success/reviews
177,The Thin Man,https://www.rottentomatoes.com/m/thin_man/reviews
178,Once Upon a Time in the West,https://www.rottentomatoes.com/m/once_upon_a_time_in_the_west/reviews
179,Eternal Sunshine of the Spotless Mind,https://www.rottentomatoes.com/m/eternal_sunshine_of_the_spotless_mind/reviews
180,Sense and Sensibility,https://www.rottentomatoes.com/m/1068832-sense_and_sensibility/reviews
181,BlacKkKlansman,https://www.rottentomatoes.com/m/blackkklansman/reviews
182,Lost in Translation,https://www.rottentomatoes.com/m/lost_in_translation/reviews
183,Au Hasard Balthazar,https://www.rottentomatoes.com/m/au_hasard_balthazar/reviews
184,Boyhood,https://www.rottentomatoes.com/m/boyhood/reviews
185,The Grapes of Wrath,https://www.rottentomatoes.com/m/grapes_of_wrath/reviews
186,Sing Street,https://www.rottentomatoes.com/m/sing_street/reviews
187,A Fistful of Dollars,https://www.rottentomatoes.com/m/fistful_of_dollars/reviews
188,The Truman Show,https://www.rottentomatoes.com/m/truman_show/reviews
189,Life of Brian,https://www.rottentomatoes.com/m/monty_pythons_life_of_brian/reviews
190,8 1/2,https://www.rottentomatoes.com/m/8-12/reviews
191,Marriage Story,https://www.rottentomatoes.com/m/marriage_story_2019/reviews
192,Searching for Bobby Fischer,https://www.rottentomatoes.com/m/searching_for_bobby_fischer/reviews
193,Battleship Potemkin,https://www.rottentomatoes.com/m/battleship_potemkin/reviews
194,Sullivan's Travels,https://www.rottentomatoes.com/m/sullivans_travels/reviews
195,The Red Circle,https://www.rottentomatoes.com/m/le_cercle_rouge/reviews
196,The Lost Weekend,https://www.rottentomatoes.com/m/lost_weekend/reviews
197,The Nightmare Before Christmas,https://www.rottentomatoes.com/m/nightmare_before_christmas/reviews
198,Oppenheimer,https://www.rottentomatoes.com/m/oppenheimer_2023/reviews
199,The Discreet Charm of the Bourgeoisie,https://www.rottentomatoes.com/m/the_discreet_charm_of_the_bourgeoisie/reviews
200,The Lord of the Rings: The Fellowship of the Ring,https://www.rottentomatoes.com/m/the_lord_of_the_rings_the_fellowship_of_the_ring/reviews
201,Ford v Ferrari,https://www.rottentomatoes.com/m/ford_v_ferrari/reviews
202,My Left Foot,https://www.rottentomatoes.com/m/my_left_foot/reviews
203,Room,https://www.rottentomatoes.com/m/room_2015/reviews
204,The Lord of the Rings: The Return of the King,https://www.rottentomatoes.com/m/the_lord_of_the_rings_the_return_of_the_king/reviews
205,A Night at the Opera,https://www.rottentomatoes.com/m/1015002-night_at_the_opera/reviews
206,Halloween,https://www.rottentomatoes.com/m/1009113-halloween/reviews
207,Air,https://www.rottentomatoes.com/m/air_2023/reviews
208,The Sweet Hereafter,https://www.rottentomatoes.com/m/sweet_hereafter/reviews
209,Playtime,https://www.rottentomatoes.com/m/playtime/reviews
210,True Grit,https://www.rottentomatoes.com/m/true_grit_2010/reviews
211,A Quiet Place,https://www.rottentomatoes.com/m/a_quiet_place_2018/reviews
212,Mudbound,https://www.rottentomatoes.com/m/mudbound/reviews
213,Boyz N the Hood,https://www.rottentomatoes.com/m/boyz_n_the_hood/reviews
214,Brazil,https://www.rottentomatoes.com/m/1003033-brazil/reviews
215,Hidden Figures,https://www.rottentomatoes.com/m/hidden_figures/reviews
216,Grand Illusion,https://www.rottentomatoes.com/m/la_grande_illusion/reviews
217,The Conversation,https://www.rottentomatoes.com/m/the_conversation/reviews
218,Fargo,https://www.rottentomatoes.com/m/fargo/reviews
219,Diabolique,https://www.rottentomatoes.com/m/1032980-diabolique/reviews
220,The Apartment,https://www.rottentomatoes.com/m/1001115-apartment/reviews
221,Apollo 13,https://www.rottentomatoes.com/m/apollo_13/reviews
222,Princess Mononoke,https://www.rottentomatoes.com/m/princess_mononoke/reviews
223,Umberto D,https://www.rottentomatoes.com/m/umberto_d/reviews
224,Black Panther,https://www.rottentomatoes.com/m/black_panther_2018/reviews
225,Bringing Up Baby,https://www.rottentomatoes.com/m/bringing_up_baby/reviews
226,The Sting,https://www.rottentomatoes.com/m/1020130-sting/reviews
227,Logan,https://www.rottentomatoes.com/m/logan_2017/reviews
228,Nightcrawler,https://www.rottentomatoes.com/m/nightcrawler/reviews
229,The Departed,https://www.rottentomatoes.com/m/departed/reviews
230,Juno,https://www.rottentomatoes.com/m/juno/reviews
231,Hero,https://www.rottentomatoes.com/m/hero/reviews
232,Shaun of the Dead,https://www.rottentomatoes.com/m/shaun_of_the_dead/reviews
233,Stagecoach,https://www.rottentomatoes.com/m/1019774-stagecoach/reviews
234,Back to the Future,https://www.rottentomatoes.com/m/back_to_the_future/reviews
235,Die Hard,https://www.rottentomatoes.com/m/die_hard/reviews
236,No Country for Old Men,https://www.rottentomatoes.com/m/no_country_for_old_men/reviews
237,The Lion King,https://www.rottentomatoes.com/m/the_lion_king/reviews
238,Gravity,https://www.rottentomatoes.com/m/gravity_2013/reviews
239,The Leopard,https://www.rottentomatoes.com/m/the_leopard_1963/reviews
240,Day for Night,https://www.rottentomatoes.com/m/day_for_night/reviews
241,Badlands,https://www.rottentomatoes.com/m/badlands/reviews
242,Touch of Evil,https://www.rottentomatoes.com/m/touch_of_evil/reviews
243,Yojimbo,https://www.rottentomatoes.com/m/yojimbo/reviews
244,A Streetcar Named Desire,https://www.rottentomatoes.com/m/1020333-streetcar_named_desire/reviews
245,Breathless,https://www.rottentomatoes.com/m/breathless/reviews
246,The Manchurian Candidate,https://www.rottentomatoes.com/m/1013227-manchurian_candidate/reviews
247,The French Connection,https://www.rottentomatoes.com/m/french_connection/reviews
248,The Bourne Ultimatum,https://www.rottentomatoes.com/m/bourne_ultimatum/reviews
249,My Fair Lady,https://www.rottentomatoes.com/m/my_fair_lady/reviews
250,It's a Wonderful Life,https://www.rottentomatoes.com/m/its_a_wonderful_life/reviews
251,Some Like It Hot,https://www.rottentomatoes.com/m/some_like_it_hot/reviews
252,The Fugitive,https://www.rottentomatoes.com/m/1046129-fugitive/reviews
253,Guardians of the Galaxy,https://www.rottentomatoes.com/m/guardians_of_the_galaxy/reviews
254,Airplane!,https://www.rottentomatoes.com/m/airplane/reviews
255,Groundhog Day,https://www.rottentomatoes.com/m/groundhog_day/reviews
256,This Is Spinal Tap,https://www.rottentomatoes.com/m/this_is_spinal_tap/reviews
257,Beauty and the Beast,https://www.rottentomatoes.com/m/1001902-beauty_and_the_beast/reviews
258,The Taking of Pelham One Two Three,https://www.rottentomatoes.com/m/the_taking_of_pelham_one_two_three/reviews
259,City Lights,https://www.rottentomatoes.com/m/city_lights/reviews
260,Kiki's Delivery Service,https://www.rottentomatoes.com/m/kikis_delivery_service/reviews
261,City of God,https://www.rottentomatoes.com/m/city_of_god/reviews
262,Rosemary's Baby,https://www.rottentomatoes.com/m/rosemarys_baby/reviews
263,Call Me by Your Name,https://www.rottentomatoes.com/m/call_me_by_your_name/reviews
264,Aladdin,https://www.rottentomatoes.com/m/disneys_aladdin/reviews
265,The Man With a Movie Camera,https://www.rottentomatoes.com/m/man_with_a_movie_camera/reviews
266,The Lady Vanishes,https://www.rottentomatoes.com/m/1011813-lady_vanishes/reviews
267,The Umbrellas of Cherbourg,https://www.rottentomatoes.com/m/the_umbrellas_of_cherbourg_1964/reviews
268,Mission: Impossible Rogue Nation,https://www.rottentomatoes.com/m/mission_impossible_rogue_nation/reviews
269,Three Colors: Blue,https://www.rottentomatoes.com/m/three_colors_blue/reviews
270,Milk,https://www.rottentomatoes.com/m/milk/reviews
271,Traffic,https://www.rottentomatoes.com/m/1103281-traffic/reviews
272,Invasion of the Body Snatchers,https://www.rottentomatoes.com/m/1010678-invasion_of_the_body_snatchers/reviews
273,Thor: Ragnarok,https://www.rottentomatoes.com/m/thor_ragnarok_2017/reviews
274,The Odd Couple,https://www.rottentomatoes.com/m/1015380-odd_couple/reviews
275,Bride of Frankenstein,https://www.rottentomatoes.com/m/bride_of_frankenstein/reviews
276,What's Love Got to Do With It,https://www.rottentomatoes.com/m/whats_love_got_to_do_with_it/reviews
277,Star Wars: The Force Awakens,https://www.rottentomatoes.com/m/star_wars_episode_vii_the_force_awakens/reviews
278,Roman Holiday,https://www.rottentomatoes.com/m/roman_holiday/reviews
279,Am√©lie,https://www.rottentomatoes.com/m/amelie/reviews
280,To Be or Not to Be,https://www.rottentomatoes.com/m/to_be_or_not_to_be/reviews
281,All the President's Men,https://www.rottentomatoes.com/m/all_the_presidents_men/reviews
282,Throne of Blood,https://www.rottentomatoes.com/m/throne_of_blood/reviews
283,Taxi Driver,https://www.rottentomatoes.com/m/taxi_driver/reviews
284,The Big Sleep,https://www.rottentomatoes.com/m/1002352-big_sleep/reviews
285,Marvel's the Avengers,https://www.rottentomatoes.com/m/marvels_the_avengers/reviews
286,Secrets & Lies,https://www.rottentomatoes.com/m/secrets_and_lies/reviews
287,Dog Day Afternoon,https://www.rottentomatoes.com/m/dog_day_afternoon/reviews
288,Being There,https://www.rottentomatoes.com/m/being_there/reviews
289,Aguirre: The Wrath of God,https://www.rottentomatoes.com/m/aguirre_the_wrath_of_god/reviews
290,Arrival,https://www.rottentomatoes.com/m/arrival_2016/reviews
291,Wings of Desire,https://www.rottentomatoes.com/m/wings_of_desire/reviews
292,Raging Bull,https://www.rottentomatoes.com/m/raging_bull/reviews
293,Fruitvale Station,https://www.rottentomatoes.com/m/fruitvale_station/reviews
294,La Dolce Vita,https://www.rottentomatoes.com/m/la_dolce_vita/reviews
295,The Killing,https://www.rottentomatoes.com/m/killing/reviews
296,The Rules of the Game,https://www.rottentomatoes.com/m/the_rules_of_the_game/reviews
297,Eyes Without a Face,https://www.rottentomatoes.com/m/eyes_without_a_face_1962/reviews
298,The Cabinet of Dr. Caligari,https://www.rottentomatoes.com/m/the_cabinet_of_dr_caligari/reviews
299,Ballistic: Ecks vs. Sever,https://www.rottentomatoes.com/m/ballistic_ecks_vs_sever/reviews
300,One Missed Call,https://www.rottentomatoes.com/m/one_missed_call/reviews
301,Left Behind,https://www.rottentomatoes.com/m/left_behind_2014/reviews
302,A Thousand Words,https://www.rottentomatoes.com/m/a_thousand_words/reviews
303,Gotti,https://www.rottentomatoes.com/m/gotti_2018/reviews
304,Pinocchio,https://www.rottentomatoes.com/m/pinocchio/reviews
305,SuperBabies: Baby Geniuses 2,https://www.rottentomatoes.com/m/super_babies_baby_geniuses_2/reviews
306,Gold Diggers,https://www.rottentomatoes.com/m/gold_diggers/reviews
307,The Last Days of American Crime,https://www.rottentomatoes.com/m/the_last_days_of_american_crime/reviews
308,Jaws the Revenge,https://www.rottentomatoes.com/m/jaws_the_revenge/reviews
309,The Ridiculous 6,https://www.rottentomatoes.com/m/the_ridiculous_6/reviews
310,Dark Crimes,https://www.rottentomatoes.com/m/dark_crimes/reviews
311,Stratton,https://www.rottentomatoes.com/m/stratton/reviews
312,London Fields,https://www.rottentomatoes.com/m/london_fields/reviews
313,The Nutcracker,https://www.rottentomatoes.com/m/the_nutcracker_2010/reviews
314,Return to the Blue Lagoon,https://www.rottentomatoes.com/m/return_to_the_blue_lagoon/reviews
315,Wagons East!,https://www.rottentomatoes.com/m/wagons_east/reviews
316,Problem Child,https://www.rottentomatoes.com/m/problem_child/reviews
317,Cabin Fever,https://www.rottentomatoes.com/m/cabin_fever_2016/reviews
318,3 Strikes,https://www.rottentomatoes.com/m/3_strikes/reviews
319,The Disappointments Room,https://www.rottentomatoes.com/m/the_disappointments_room/reviews
320,Redline,https://www.rottentomatoes.com/m/redline/reviews
321,Staying Alive,https://www.rottentomatoes.com/m/staying_alive/reviews
322,Look Who's Talking Now,https://www.rottentomatoes.com/m/look_whos_talking_now/reviews
323,Highlander II: The Quickening,https://www.rottentomatoes.com/m/highlander_2_the_quickening/reviews
324,Homecoming,https://www.rottentomatoes.com/m/1213377-homecoming/reviews
325,Bolero,https://www.rottentomatoes.com/m/bolero_1984/reviews
326,Precious Cargo,https://www.rottentomatoes.com/m/precious_cargo_2016/reviews
327,Max Steel,https://www.rottentomatoes.com/m/max_steel/reviews
328,Killing Me Softly,https://www.rottentomatoes.com/m/killing_me_softly/reviews
329,Merci Docteur Rey,https://www.rottentomatoes.com/m/merci_docteur_rey/reviews
330,Transylmania,https://www.rottentomatoes.com/m/transylmania/reviews
331,Freelance,https://www.rottentomatoes.com/m/freelance_2023/reviews
332,Stolen,https://www.rottentomatoes.com/m/10012207-stolen/reviews
333,Dark Tide,https://www.rottentomatoes.com/m/dark_tide_2011/reviews
334,Folks!,https://www.rottentomatoes.com/m/folks/reviews
335,Simon Sez,https://www.rottentomatoes.com/m/simon_sez/reviews
336,Alone in the Dark,https://www.rottentomatoes.com/m/alone_in_the_dark/reviews
337,The Master of Disguise,https://www.rottentomatoes.com/m/master_of_disguise/reviews
338,Daddy Day Camp,https://www.rottentomatoes.com/m/daddy_day_camp/reviews
339,Disaster Movie,https://www.rottentomatoes.com/m/disaster_movie/reviews
340,Twisted,https://www.rottentomatoes.com/m/twisted/reviews
341,Epic Movie,https://www.rottentomatoes.com/m/epic_movie/reviews
342,Crossover,https://www.rottentomatoes.com/m/crossover/reviews
343,The In Crowd,https://www.rottentomatoes.com/m/1098652-in_crowd/reviews
344,One for the Money,https://www.rottentomatoes.com/m/one_for_the_money/reviews
345,Texas Rangers,https://www.rottentomatoes.com/m/1111103-texas_rangers/reviews
346,Meet the Spartans,https://www.rottentomatoes.com/m/meet_the_spartans/reviews
347,King's Ransom,https://www.rottentomatoes.com/m/kings_ransom/reviews
348,Strange Wilderness,https://www.rottentomatoes.com/m/strange_wilderness/reviews
349,Baby Geniuses,https://www.rottentomatoes.com/m/baby_geniuses/reviews
350,Kickin' It Old Skool,https://www.rottentomatoes.com/m/kickin_it_old_school/reviews
351,Nina,https://www.rottentomatoes.com/m/nina_2016/reviews
352,The Haunting of Molly Hartley,https://www.rottentomatoes.com/m/haunting_of_molly_hartley/reviews
353,Battlefield Earth,https://www.rottentomatoes.com/m/battlefield_earth/reviews
354,Rollerball,https://www.rottentomatoes.com/m/rollerball_2002/reviews
355,Jack and Jill,https://www.rottentomatoes.com/m/jack_and_jill_2011/reviews
356,Bless the Child,https://www.rottentomatoes.com/m/bless_the_child/reviews
357,Getaway,https://www.rottentomatoes.com/m/getaway/reviews
358,FeardotCom,https://www.rottentomatoes.com/m/feardotcom_2002/reviews
359,Half Past Dead,https://www.rottentomatoes.com/m/half_past_dead/reviews
360,The Roommate,https://www.rottentomatoes.com/m/the_roommate/reviews
361,Deuces Wild,https://www.rottentomatoes.com/m/deuces_wild/reviews
362,The Mod Squad,https://www.rottentomatoes.com/m/mod_squad/reviews
363,The Apparition,https://www.rottentomatoes.com/m/the_apparition/reviews
364,House of the Dead,https://www.rottentomatoes.com/m/1126175-house_of_the_dead/reviews
365,Down to You,https://www.rottentomatoes.com/m/down_to_you/reviews
366,Winnie-the-Pooh: Blood and Honey,https://www.rottentomatoes.com/m/winnie_the_pooh_blood_and_honey/reviews
367,Bucky Larson: Born to Be a Star,https://www.rottentomatoes.com/m/bucky_larson_born_to_be_a_star/reviews
368,Deal,https://www.rottentomatoes.com/m/1193335-deal/reviews
369,The Darkness,https://www.rottentomatoes.com/m/the_darkness/reviews
370,Passion Play,https://www.rottentomatoes.com/m/passion_play/reviews
371,Getting Even With Dad,https://www.rottentomatoes.com/m/getting_even_with_dad/reviews
372,McHale's Navy,https://www.rottentomatoes.com/m/1076097-mchales_navy/reviews
373,Arsenal,https://www.rottentomatoes.com/m/arsenal_2017/reviews
374,Twelve,https://www.rottentomatoes.com/m/twelve-2008/reviews
375,The Toy,https://www.rottentomatoes.com/m/toy/reviews
376,Shadow Conspiracy,https://www.rottentomatoes.com/m/shadow_conspiracy/reviews
377,Because I Said So,https://www.rottentomatoes.com/m/because_i_said_so/reviews
378,Godsend,https://www.rottentomatoes.com/m/godsend/reviews
379,The Whole Ten Yards,https://www.rottentomatoes.com/m/whole_ten_yards/reviews
380,Serving Sara,https://www.rottentomatoes.com/m/serving_sara/reviews
381,Vampires Suck,https://www.rottentomatoes.com/m/vampires_suck/reviews
382,Movie 43,https://www.rottentomatoes.com/m/movie_43/reviews
383,Code Name: The Cleaner,https://www.rottentomatoes.com/m/code_name_the_cleaner/reviews
384,Flatliners,https://www.rottentomatoes.com/m/flatliners_2017/reviews
385,Speed 2: Cruise Control,https://www.rottentomatoes.com/m/speed_2_cruise_control/reviews
386,The Covenant,https://www.rottentomatoes.com/m/covenant/reviews
387,The Fog,https://www.rottentomatoes.com/m/fog/reviews
388,Zoom,https://www.rottentomatoes.com/m/zoom_2006/reviews
389,A Little Bit of Heaven,https://www.rottentomatoes.com/m/a_little_bit_of_heaven_2011/reviews
390,Material Girls,https://www.rottentomatoes.com/m/material_girls/reviews
391,Mortal Kombat Annihilation,https://www.rottentomatoes.com/m/mortal_kombat_annihilation/reviews
392,BloodRayne,https://www.rottentomatoes.com/m/bloodrayne/reviews
393,Scary Movie V,https://www.rottentomatoes.com/m/scary_movie_5/reviews
394,In the Name of the King: A Dungeon Siege Tale,https://www.rottentomatoes.com/m/in-the-name-of-the-king-a-dungeon-siege-tale/reviews
395,The Cold Light of Day,https://www.rottentomatoes.com/m/the_cold_light_of_day/reviews
396,A Low Down Dirty Shame,https://www.rottentomatoes.com/m/low_down_dirty_shame/reviews
397,Just Getting Started,https://www.rottentomatoes.com/m/just_getting_started/reviews
398,The Last Airbender,https://www.rottentomatoes.com/m/last_airbender/reviews
